<?xml version="1.0" encoding="UTF-8"?>
<!DOCTYPE transfer SYSTEM "http://schema.highwire.org/public/MECA/v0.9/Transfer/Transfer.dtd">
<transfer xmlns="http://www.manuscriptexchange.org" version="1.0">
  <source>
    <service-provider>
      <provider-name>Exeter PreMedia</provider-name>
    </service-provider>
    <publication type="preprint">
      <title/>
      <acronym/>
    </publication>
  </source>
  <destination>
    <service-provider>
      <provider-name>EPP platform</provider-name>
    </service-provider>
    <publication type="journal">
      <title>eLife</title>
      <acronym>eLife</acronym>
    </publication>
  </destination>
</transfer>