<?xml version="1.0" encoding="UTF-8"?>
<!DOCTYPE manifest SYSTEM "http://schema.highwire.org/public/MECA/v0.9/Manifest/Manifest.dtd">
<manifest xmlns="http://manuscriptexchange.org" version="1.0">
  <item type="article">
    <title/>
    <instance media-type="application/xml" href="2197876/2197876.xml"/>
  </item>
  <item id="transfer" type="transfer-details">
    <title>MECA Transfer Info</title>
    <instance media-type="application/meca-xfer+xml" href="transfer.xml"/>
  </item>
  <item id="fig1" type="figure">
    <title>Figure 1</title>
    <instance media-type="image/jpeg" href="2197876/2197876v1_fig1.jpg"/>
  </item>
  <item id="fig2" type="figure">
    <title>Figure 2</title>
    <instance media-type="image/jpeg" href="2197876/2197876v1_fig2.jpg"/>
  </item>
  <item id="fig3" type="figure">
    <title>Figure 3</title>
    <instance media-type="image/jpeg" href="2197876/2197876v1_fig3.jpg"/>
  </item>
  <item id="fig4" type="figure">
    <title>Figure 4</title>
    <instance media-type="image/jpeg" href="2197876/2197876v1_fig4.jpg"/>
  </item>
  <item id="fig5" type="figure">
    <title>Figure 5</title>
    <instance media-type="image/jpeg" href="2197876/2197876v1_fig5.jpg"/>
  </item>
  <item id="fig6" type="figure">
    <title>Figure 6</title>
    <instance media-type="image/jpeg" href="2197876/2197876v1_fig6.jpg"/>
  </item>
  <item id="data9" type="supplement">
    <title>Supplementary Text 1:</title>
    <instance media-type="application/docx" href="2197876/2197876-data9.docx"/>
  </item>
  <item id="data3" type="supplement">
    <title>Supplementary Table 1.</title>
    <instance media-type="application/xlsx" href="2197876/2197876-data3.xlsx"/>
  </item>
  <item id="data4" type="supplement">
    <title>Supplementary Table 2.</title>
    <instance media-type="application/xlsx" href="2197876/2197876-data4.xlsx"/>
  </item>
  <item id="data5" type="supplement">
    <title>Supplementary Table 3.</title>
    <instance media-type="application/xlsx" href="2197876/2197876-data5.xlsx"/>
  </item>
  <item id="data6" type="supplement">
    <title>Supplementary Table 4.</title>
    <instance media-type="application/xlsx" href="2197876/2197876-data6.xlsx"/>
  </item>
  <item id="data7" type="supplement">
    <title>Supplementary Table 5.</title>
    <instance media-type="application/xlsx" href="2197876/2197876-data7.xlsx"/>
  </item>
  <item id="data8" type="supplement">
    <title>Supplementary Table 6.</title>
    <instance media-type="application/xlsx" href="2197876/2197876-data8.xlsx"/>
  </item>
  <item id="data1" type="supplement">
    <title>Supplementary Figure 1.</title>
    <instance media-type="application/png" href="2197876/2197876-data1.png"/>
  </item>
  <item id="data2" type="supplement">
    <title>Supplementary Figure 2.</title>
    <instance media-type="application/pptx" href="2197876/2197876-data2.pptx"/>
  </item>
</manifest>