<?xml version="1.0" encoding="UTF-8"?>
<!DOCTYPE manifest SYSTEM "http://schema.highwire.org/public/MECA/v0.9/Manifest/Manifest.dtd">
<manifest xmlns="http://manuscriptexchange.org" version="1.0">
  <item type="article">
    <title/>
    <instance media-type="application/xml" href="2200020/2200020.xml"/>
  </item>
  <item id="transfer" type="transfer-details">
    <title>MECA Transfer Info</title>
    <instance media-type="application/meca-xfer+xml" href="transfer.xml"/>
  </item>
  <item id="fig1" type="figure">
    <title>Figure 1</title>
    <instance media-type="image/jpeg" href="2200020/2200020v3_fig1.jpg"/>
  </item>
  <item id="fig2" type="figure">
    <title>Figure 2</title>
    <instance media-type="image/jpeg" href="2200020/2200020v3_fig2.jpg"/>
  </item>
  <item id="fig3" type="figure">
    <title>Figure 3</title>
    <instance media-type="image/jpeg" href="2200020/2200020v3_fig3.jpg"/>
  </item>
  <item id="fig4" type="figure">
    <title>Figure 4</title>
    <instance media-type="image/jpeg" href="2200020/2200020v3_fig4.jpg"/>
  </item>
  <item id="fig5" type="figure">
    <title>Figure 5</title>
    <instance media-type="image/jpeg" href="2200020/2200020v3_fig5.jpg"/>
  </item>
  <item id="fig6" type="figure">
    <title>Figure 6.</title>
    <instance media-type="image/jpeg" href="2200020/2200020v3_fig6.jpg"/>
  </item>
  <item id="fig7" type="figure">
    <title>Figure 7.</title>
    <instance media-type="image/jpeg" href="2200020/2200020v3_fig7.jpg"/>
  </item>
  <item id="data1" type="supplement">
    <title>supplement Figures 1-9</title>
    <instance media-type="application/docx" href="2200020/2200020-data1.docx"/>
  </item>
  <item id="data2" type="supplement">
    <title>Fig 3 Source Data 1</title>
    <instance media-type="application/xlsx" href="2200020/2200020-data2.xlsx"/>
  </item>
  <item id="data3" type="supplement">
    <title>Fig 5 Source Data 1</title>
    <instance media-type="application/xlsx" href="2200020/2200020-data3.xlsx"/>
  </item>
  <item id="data4" type="supplement">
    <title>Fig 7 Source Data 1</title>
    <instance media-type="application/xlsx" href="2200020/2200020-data4.xlsx"/>
  </item>
  <item id="data5" type="supplement">
    <title>Fig S5 Source Data 1</title>
    <instance media-type="application/xlsx" href="2200020/2200020-data5.xlsx"/>
  </item>
  <item id="data6" type="supplement">
    <title>Fig S6 Source Data 1</title>
    <instance media-type="application/xlsx" href="2200020/2200020-data6.xlsx"/>
  </item>
  <item id="data7" type="supplement">
    <title>Fig S8 Source Data 1</title>
    <instance media-type="application/xlsx" href="2200020/2200020-data7.xlsx"/>
  </item>
</manifest>