<?xml version="1.0" encoding="UTF-8"?>
<!DOCTYPE article PUBLIC "-//NLM//DTD JATS (Z39.96) Journal Archiving and Interchange DTD v1.3 20210610//EN" "JATS-archivearticle1.dtd">
<article xmlns:xlink="http://www.w3.org/1999/xlink" xmlns:mml="http://www.w3.org/1998/Math/MathML" xmlns:xsi="http://www.w3.org/2001/XMLSchema-instance" article-type="research-article" dtd-version="1.3" specific-use="production" xml:lang="en">
<front>
<journal-meta>
<journal-id journal-id-type="publisher-id">RS</journal-id>
<journal-title-group>
<journal-title>Research Square</journal-title>
<abbrev-journal-title abbrev-type="publisher">rs</abbrev-journal-title>
</journal-title-group>
<issn pub-type="epub">2693-5015</issn>
<publisher>
<publisher-name>Research Square</publisher-name>
</publisher>
</journal-meta>
<article-meta>
<article-id pub-id-type="doi">10.21203/rs.3.rs-2197876/v1</article-id>
<article-version>1.3</article-version>
<article-categories>
<subj-group subj-group-type="heading">
<subject>Research Article</subject>
</subj-group>
</article-categories>
<title-group>
<article-title>Transposons are a major contributor to gene expression variability under selection in rice populations</article-title>
</title-group>
<contrib-group>
<contrib contrib-type="author" corresp="yes">
<contrib-id contrib-id-type="orcid">https://orcid.org/0000-0002-3772-7727</contrib-id>
<name><surname>Castanera</surname><given-names>Ra&#x00FA;l</given-names></name>
<email>raul.castanera@cragenomica.es</email>
<xref ref-type="aff" rid="a1">1</xref>
<xref ref-type="corresp" rid="cor1">&#x002A;</xref>
</contrib>
<contrib contrib-type="author">
<contrib-id contrib-id-type="orcid">https://orcid.org/0000-0001-5258-486X</contrib-id>
<name><surname>Morales-D&#x00ED;az</surname><given-names>Noemia</given-names></name>
<xref ref-type="aff" rid="a1">1</xref>
</contrib>
<contrib contrib-type="author">
<name><surname>Gupta</surname><given-names>Sonal</given-names></name>
<xref ref-type="aff" rid="a2">2</xref>
</contrib>
<contrib contrib-type="author">
<contrib-id contrib-id-type="orcid">https://orcid.org/0000-0002-9197-4112</contrib-id>
<name><surname>Purugganan</surname><given-names>Michael</given-names></name>
<xref ref-type="aff" rid="a2">2</xref>
<xref ref-type="aff" rid="a3">3</xref>
</contrib>
<contrib contrib-type="author" corresp="yes">
<name><surname>Casacuberta</surname><given-names>Josep M.</given-names></name>
<email>josep.casacuberta@cragenomica.es</email>
<xref ref-type="aff" rid="a1">1</xref>
<xref ref-type="corresp" rid="cor1">&#x002A;</xref>
</contrib>
<aff id="a1"><label>1</label><institution>Center for research in agricultural genomics, CRAG (CSIC-IRTA-UAB-UB)</institution>, <addr-line>campus UAB, Cerdanyola del Vall&#x00E8;s, 08193 Barcelona</addr-line>, <country>Spain</country>.</aff>
<aff id="a2"><label>2</label><institution>Center for Genomics and Systems Biology</institution>, <addr-line>12 Waverly Place, New York University, New York, NY 10003</addr-line>, <country>USA</country></aff>
<aff id="a3"><label>3</label><institution>Center for Genomics and Systems Biology, New York University Abu Dhabi</institution>, <addr-line>Saadiyat Island, Abu Dhabi</addr-line>, <country>United Arab Emirates</country></aff>
</contrib-group>
<author-notes>
<corresp id="cor1"><label>&#x002A;</label>For correspondence: <email>raul.castanera@cragenomica.es</email>; <email>josep.casacuberta@cragenomica.es</email></corresp>
</author-notes>
<pub-date pub-type="epub"><day>25</day><month>10</month><year>2022</year></pub-date>
<elocation-id>2197876</elocation-id>
<permissions>
<copyright-statement>&#x00A9; 2022, Posted by Research Square</copyright-statement>
<copyright-year>2022</copyright-year>
<license license-type="creative-commons" xlink:href="http://creativecommons.org/licenses/by/4.0/"><license-p>This work is licensed under a <ext-link ext-link-type="uri" xlink:href="http://creativecommons.org/licenses/by/4.0/">Creative Commons Attribution 4.0</ext-link> International License.</license-p></license>
</permissions>
<self-uri xlink:href="2197876.pdf" content-type="pdf" xlink:role="full-text"/>
<abstract>
<title>Abstract</title>
<p>Transposable elements are an important source of genome variability. Here, we analyze their contribution to gene expression variability in crops by performing a TE insertion polymorphism (TIP)-eQTL mapping using expression data from rice varieties from the <italic>O. sativa</italic> ssp. <italic>indica</italic> and <italic>O. sativa</italic> ssp. <italic>japonica</italic> subspecies. Our data shows that TE insertions are associated with changes of expression of many genes known to be targets of rice domestication and breeding. An important fraction of these insertions were already present in the rice wild ancestors, and have been differentially selected in indica and japonica rice populations. Taken together, these data show that small changes of expression in signal transduction genes induced by TE insertions accompany the domestication and adaptation of rice populations.</p>
</abstract>
<counts>
<page-count count="28"/>
</counts>
</article-meta>
<notes>
<notes notes-type="competing-interest-statement">
<title>Competing interests</title>
<p>The authors declare no competing interests</p>
</notes>
</notes>
</front>
<body>
<sec id="s1" sec-type="intro">
<title>Introduction</title>
<p>Transposable elements (TEs) are a major component of eukaryotic genomes, particularly in plants <sup><xref ref-type="bibr" rid="c1">1</xref></sup>. Their ability to move, creating mutations by insertion/excision, and amplify in genomes - thus generating new copies that provide opportunities for recombination - make them a major source of genetic variability <sup><xref ref-type="bibr" rid="c2">2</xref></sup>. For this reason TEs are considered a major driver of plant genome evolution, both in the wild or under human selection <sup><xref ref-type="bibr" rid="c3">3</xref></sup>. TE insertions and other structural variants, however, have been frequently overlooked when using genome wide association studies (GWAS) to look for genetic variants linked to interesting phenotypes <sup><xref ref-type="bibr" rid="c4">4</xref></sup>. The recent development of efficient tools to identify transposon insertion polymorphisms (TIPs) <sup><xref ref-type="bibr" rid="c5">5</xref></sup> has allowed the incorporation of TIPs in these analyses, and several GWAS reports have shown that TIPs uncover additional variability linked to phenotypic traits <sup><xref ref-type="bibr" rid="c6">6</xref>&#x2013;<xref ref-type="bibr" rid="c8">8</xref></sup>. Interestingly, TIPs often explain more phenotypic variance compared to SNPs, and can be used for genomic prediction <sup><xref ref-type="bibr" rid="c9">9</xref></sup>. The reason for this could be that, as compared with SNPs, TE insertions are more frequently the causal mutation.</p>
<p>A major fraction of the mutations linked to crop domestication and breeding are associated with changes of the expression of genes involved in signal transduction <sup><xref ref-type="bibr" rid="c10">10</xref>,<xref ref-type="bibr" rid="c11">11</xref></sup>. TEs can alter gene transcription, activating or repressing them, by different means. On the one hand, insertion of TEs within a promoter can interfere with transcription, and the silencing of TEs inserted close to genes can result in repression of gene expression <sup><xref ref-type="bibr" rid="c12">12</xref>&#x2013;<xref ref-type="bibr" rid="c14">14</xref></sup>. Alternatively, TE insertions can also result in gene overexpression <sup><xref ref-type="bibr" rid="c15">15</xref>,<xref ref-type="bibr" rid="c16">16</xref></sup>, as TEs bring their own transcriptional promoters that can induce expression of neighboring genes. This is particularly clear for LTR-retrotransposons which contain promoters in their 5&#x2032; and 3&#x2032; LTRs, and may provide nearby genes with alternative promoters. In addition, TEs can also contain transcription factor binding sites (TFBS) that can alter the expression of host genes <sup><xref ref-type="bibr" rid="c17">17</xref></sup>; it has been shown, for example, that MITEs have frequently amplified and redistributed TFBS in plant genomes <sup><xref ref-type="bibr" rid="c18">18</xref></sup>.</p>
<p>Here we explore the impact of the movement of TEs during the recent evolution of rice on the variability of gene expression in this species. We took advantage of a recently published transcriptional analysis of 208 rice varieties grown under wet paddy and intermittent drought conditions <sup><xref ref-type="bibr" rid="c19">19</xref></sup> to perform an expression quantitative trait locus (eQTL) GWAS using TIPs as genetic markers. We show that TIPs are frequently associated with changes of expression of rice genes and that many TIPs altering the expression of regulatory genes have been positively selected in indica and japonica rice subspecies.</p>
<fig id="fig1" position="float" fig-type="figure">
<label>Figure 1</label>
<caption><title><bold>Characterization of rice TIP-eQTLs</bold>. A-B, Association between TIPs and gene expression levels in <italic>cis</italic> (TIP-eQTLs) found in indica and japonica population along the twelve rice chromosomes. Horizontal lines represent 5&#x0025; significance thresholds corrected for multiple testing using FDR method. C, Number of TIP-eQTLs found in each condition classified at the order TE level. White bars represent the number of total TIPs (secondary axis). D, Expression variance explained by leading TIP-eQTL and SNP-eQTL. Each point represents a gene. Indica and Japonica TIP-eQTLs are combined into a single plot. Number of TIP-eQTLs (E) or SNP-eQTL (F) per Mb of gene feature. Upstream and downstream regions are 1 Kb long. Gene region includes 5&#x2019; and 3&#x2019; UTRs. All the TIPs and SNPs with a significant association (FDR &#x003C; 5&#x0025;) were used in this analysis.</title></caption>
<graphic xlink:href="2197876v1_fig1.jpg"/>
</fig>
</sec>
<sec id="s2" sec-type="results">
<title>Results</title>
<sec id="s2a">
<title>TIPs are associated with gene expression variation in rice</title>
<p>We used a recently published dataset containing genome resequencing and transcription data for rice (<italic>Oryza sativa</italic>) varieties to perform TIP-eQTL mapping analyses. Rice is one of the most important food crops in the world, and varieties are generally found in two subspecies &#x2013; <italic>O. sativa</italic> ssp. <italic>japonica</italic> and ssp <italic>indica</italic>. Other minor variety groups include aus varieties, which appear closely related to indica, and basmati rice varieties that appear to be a hybrid between ssp. <italic>japonica</italic> and aus. The data we analyzed consists of an &#x2018;indica&#x2019; dataset for 126 <italic>O. sativa</italic> ssp. <italic>indica</italic> and some <italic>circum</italic>-aus accessions, and 84 &#x2018;japonica&#x2019; accessions comprising of <italic>O. sativa</italic> ssp. <italic>japonica</italic> and some <italic>circum</italic>-basmati varieties, described in Groen et al. (2020) <sup><xref ref-type="bibr" rid="c19">19</xref></sup>. We predicted TIPs using Popoolation TE2 <sup><xref ref-type="bibr" rid="c20">20</xref></sup>, and identified 45,050 TIPs. Using the Minghui MH63 short read data and assembled draft reference genome <sup><xref ref-type="bibr" rid="c21">21</xref></sup> we estimated the performance of the TIP genotyping on this dataset to have 97.1&#x0025; sensitivity and 92.2&#x0025; precision (<xref ref-type="supplementary-material" rid="data9">Supplementary text 1</xref>). Most of the TIPs detected are related to DNA transposons (84&#x0025;), especially MITEs belonging to the <italic>Stowaway</italic> (24&#x0025;) and <italic>Tourist</italic> (20&#x0025;) superfamilies; LTR retrotransposons make up a minor fraction (9 &#x0025;).</p>
<p>The 45,050 TIPs are distributed along the 12 chromosomes and 81.3 &#x0025; of them are less than 5 kb away from an annotated gene (IRGSP RAP-DB gene models). This results in up to 81.4&#x0025; of rice genes having a TIP less than 5 Kb distant. In order to analyze the potential of TIPs to generate gene expression variability in rice, we used the 3&#x2019; mRNA-seq expression data from leaves of adult plants grown in normally-watered soil (&#x201C;wet&#x201D; condition) and under intermittent drought-stress (&#x201C;drought stress&#x201D; condition) <sup><xref ref-type="bibr" rid="c19">19</xref></sup>. We selected data from 15,549 genes showing expression in more than 10&#x0025; of the samples. Due to the strong population structure present in rice we separately analyzed data in the indica (126 varieties) and japonica (82 varieties) datasets. We found a total of 563 significant associations between TIPs and gene expression levels in the indica population and 356 in the japonica population (TIP-eQTLs with MAF &#x003E; 3&#x0025;, FDR adjusted p value &#x003C; 0.05 in at least one replicate) (<xref ref-type="fig" rid="fig1">Figure 1A</xref> and <xref ref-type="fig" rid="fig1">1B</xref>, <xref ref-type="supplementary-material" rid="data4">Supplementary Table 2</xref>). These involve 477 and 317 genes, in indica and japonica respectively, representing 3.1&#x0025; and 2&#x0025; of the expressed genes. The TIP-eQTLs were related to the different TE types (orders <sup><xref ref-type="bibr" rid="c22">22</xref></sup>), and the proportion of TE orders found in the significant TIPs did not differ significantly from their representation across the genome (<xref ref-type="fig" rid="fig1">Figure 1C</xref>).</p>
<p>In order to estimate the relative contribution of TIPs and SNPs to gene expression changes, we also performed eQTL mapping analyses using 1 million of randomly chosen SNPs as markers <sup><xref ref-type="bibr" rid="c19">19</xref></sup>. We obtained 4,913 SNP-eQTLs in indica and 3,308 SNP-eQTLs in japonica associated with SNPs located less than 5 kb from the gene; each SNP-eQTL represents the leading SNP-gene association. This corresponds to ~31.6&#x0025; of the genes in indica and ~21.3 &#x0025; in japonica. For each gene with a significant association, we compared the proportion of variance (R<sup>2</sup>) explained by the most significantly associated TIPs and/or SNPs. For most genes that have an associated TIP, either there is no associated SNP or the TIP explains more expression variance than the associated SNP (~62&#x0025; of the indica TIP-eQTLs and ~73&#x0025; of the japonica TIP-eQTLs) (<xref ref-type="fig" rid="fig1">Figure 1D</xref>). This demonstrates that TIPs uncover genetic associations with changes of expression that are not observed when using SNPs as molecular markers.</p>
<p>The SNP-eQTLs found in our study are associated to both positive (47&#x0025;) and negative (53&#x0025;) effects on gene expression levels, very close to an even distribution. In contrast, TIPs more frequently (59&#x0025;) have a negative effect. The proportion varies among TE superfamilies, with TIR/MULEs being close to 50&#x0025;, and LTR/Gypsy having the most frequently negative impact on gene expression (67&#x0025;, <xref ref-type="supplementary-material" rid="data3">Supplementary Table 1</xref>). This suggests that, as compared with SNP-eQTLs, TIP-eQTLs are more frequently the likely causal mutation responsible for the change in expression, and that the effect of the insertion is more generally negative, in line with recent analyses done in <italic>Capsella</italic> <sup><xref ref-type="bibr" rid="c23">23</xref></sup>, especially for long elements such as LTR-retrotransposons.</p>
<p>An analysis of the TIP and SNP-eQTL location with respect to the associated genes shows that while SNP-eQTLs are more evenly distributed across the genic region (<xref ref-type="fig" rid="fig1">Figure 1F</xref>), TIP-eQTLs are over-represented in the 1 kb region upstream of the gene (<xref ref-type="fig" rid="fig1">Figure 1E</xref>), which is the region that most frequently contains promoter elements regulating transcription. This suggests that although some TIP-eQTLs could be in linkage disequilibrium with the causal mutation for the change of expression, an important fraction of TIP-eQTLs could be the actual causal mutation inducing expression variation.</p>
<p>It has been proposed that an important fraction of gene expression variation is deleterious, and therefore, alleles associated with major expression effects should be maintained at lower frequencies <sup><xref ref-type="bibr" rid="c24">24</xref>,<xref ref-type="bibr" rid="c25">25</xref></sup>. An analysis of the effect size of the different TIP-eQTLs taking into account their frequency in the population shows that, indeed, low and high-frequency TIPs (corresponding to rare alleles) show the highest positive or negative effect on the expression of the associated gene (<xref ref-type="fig" rid="fig2">Figure 2 A-D</xref>, <xref ref-type="supplementary-material" rid="data1">Supplementary Figure 1</xref>). This is consistent with what is described as the rare variant effect <sup><xref ref-type="bibr" rid="c25">25</xref></sup> where rare (and likely deleterious) mutations in a population are associated with greater effects on gene expression in a population.</p>
<fig id="fig2" position="float" fig-type="figure">
<label>Figure 2</label>
<caption><title><bold>Effect size and population frequencies of wet and drought-stress TIP-eQTLs. representation of the effect size (beta) of the TIP-eQTL with respect to the frequency of the insertion</bold> TIP-eQTLs in indica (A, C) and japonica (B,D) for positive (A,B) and negative (C,D) effects. Venn diagram illustrating the intersection between TIP-eQTLs detected in each condition of the two subspecies analyzed, indica (ind), and japonica (jap) (E). Percentage of subspecies-specific TIP-eQTLs, considering as shared the TIPs that fall in the intersection between all the FDR-corrected TIP-eQTLs found in a given population and all the associations of the other population using a relaxed cutoff (p &#x003C; 0.05, no FDR correction) (F). Percentage of condition-specific TIP-eQTLs considering as shared the TIPs that fall in the intersection between all the FDR-corrected TIP-eQTLs found in a given population and all the associations of the other population using a relaxed cutoff (p &#x003C; 0.05, no FDR correction. Relationship between the frequencies in indica and japonica populations of the 33,389 non-eQTL TIPs (H) and 829 TIP-eQTLs (I).</title></caption>
<graphic xlink:href="2197876v1_fig2.jpg"/>
</fig>
<p>A comparison of TIP-eQTLs associated with changes of expression in the two different growth conditions (wet and drought stress) shows that there is an important overlap of eQTLs between the two environments (38.5 &#x0025; for indica TIP-eQTLs and 33.2&#x0025; for japonica TIP-eQTLs) (<xref ref-type="fig" rid="fig2">Figure 2E</xref>). Such overlap increases to 90&#x0025; (average of indica and japonica, wet) and 71 &#x0025; (average of indica and japonica, drought stress) when we compare TIP-eQTLs of one condition with a non-FDR-corrected TIP-eQTLs in the other environment (<xref ref-type="fig" rid="fig2">Figure 2G</xref>). This result suggests that the majority of TIP-eQTLs are associated with changes of expression in both growth conditions, and that only a small number of TIP-eQTLs (81 in indica and 78 in japonica) are associated with stress-specific changes of expression. Nevertheless, among the TIP-eQTLs associated with changes of gene expression in both wet and drought stress, there are TIP associated with genes known to be involved in drought tolerance (<xref ref-type="supplementary-material" rid="data4">Supplementary Table 2</xref>). As an example, TIP_49046 is associated with a reduction of the expression of the gene synaptotagmin-5 (<italic>OsSYT-5</italic>). <italic>OsSYT-5</italic> encodes a Ca<sup>2+</sup> sensing protein with a C2 domain, is expressed in both stressed and non-stressed plants, and it has been recently shown that its silencing enhances drought tolerance in rice <sup><xref ref-type="bibr" rid="c26">26</xref></sup>. Other examples are TIP_23764 and TIP_52367, associated with an increased expression of the gene encoding the OsSAPK10 ABA-activated protein kinase and the S-type euonymus-related lectin gene OsEULS2 in respectively, two genes known to mediate drought stress in rice <sup><xref ref-type="bibr" rid="c27">27</xref>,<xref ref-type="bibr" rid="c28">28</xref></sup></p>
</sec>
<sec id="s2b">
<title>TIP-eQTLs are present at different population frequencies in indica and japonica</title>
<p>Although the overlap of TIPs associated with changes in expression under wet and drought stress conditions is very high, the overlap between indica and japonica TIP-eQTLs is low, and only 90 TIP-eQTLs out of the 563 from indica and 356 from japonica are significantly associated with variation of gene expression in both subspecies (<xref ref-type="fig" rid="fig2">Figure 2E</xref>). Even when we make the less-stringent comparison of the TIP-eQTLs of one subspecies with the non-FDR-corrected TIP-eQTLs of the other, as much as ~69&#x0025; of indica and ~60&#x0025; of japonica TIP-eQTLs appear as subspecies-specific (<xref ref-type="fig" rid="fig2">Figure 2F</xref>). This result may suggest differences in the transcriptional networks in indica and japonica or, alternatively, that different alleles showing expression level differences may be differentially represented in the two subspecies. An analysis of the frequencies in indica and japonica of all the TIP-eQTLs described here shows that approximately one-third of the TIPs are only found in one of the two subspecies. This suggests that TEs have been actively inserting (or have been excised or eliminated from the population) very recently during rice evolution, likely post-domestication and during the crop diversification phase, as has already been proposed for some rice TE families <sup><xref ref-type="bibr" rid="c29">29</xref>,<xref ref-type="bibr" rid="c30">30</xref></sup>. Here we show that some of these recent TIPs are associated with changes in gene expression and may therefore have phenotypic consequences. We found 44 TIP-eQTLs corresponding to TIPs present only in japonica varieties and 64 TIP-eQTL corresponding to TIPs present only in indica varieties. Some of these insertions are found at high frequencies in its corresponding subspecies, which suggest that they may have been under positive selection (<xref ref-type="supplementary-material" rid="data5">Supplementary Table 3</xref>).</p>
<p>However, two thirds (66&#x0025;) of all TIP-eQTLs found in this study correspond to TIPs present in both subspecies, which suggests that these insertions are relatively old and were already present in the ancestor of indica and japonica rice. Remarkably, in most cases they are found at very different frequencies in the two subspecies (<xref ref-type="fig" rid="fig2">Figure 2I</xref>). This suggests that these insertions were already present in the ancestor of indica and japonica rice and have been differentially retained in the two subspecies. Interestingly, an analysis of all non-eQTL-TIPs shows that an important fraction is found at the same frequency in both genomes (<xref ref-type="fig" rid="fig2">Figure 2H</xref>), suggesting that the preferential retention of TIP-eQTLs in indica or japonica may be a specific phenomenon potentially linked to their impact on the expression of the associated genes.</p>
<p>We examined whether TIP-eQTLs present in both indica and japonica varieties are also found in either <italic>Oryza rufipogon</italic> and <italic>Oryza nivara</italic>, the wild rice relatives believed to be the ancestors of domesticated rice <sup><xref ref-type="bibr" rid="c31">31</xref></sup>. We looked for the presence of the TIPs identified in rice in a set of 72 accessions of <italic>O. rufigogon</italic> and 10 accessions of <italic>O. nivara</italic> (collectively called rufipogon/nivara from now on) (<xref ref-type="supplementary-material" rid="data6">Supplementary Table 4</xref>). Up to 552 of the 829 TIP-eQTLs present in indica and/or japonica (66&#x0025;), can be found in rufipogon/nivara varieties, confirming that an important fraction of TIP-eQTLs found in indica and japonica may be relatively old insertions already present in the wild ancestors of domesticated rice. Not surprisingly, in most cases the TIP frequencies in rufipogon/nivara are different from the frequencies of these insertions in indica and/or japonica (<xref ref-type="supplementary-material" rid="data7">Supplementary Table 5</xref>); these may have arisen either due to selection or genetic drift accompanying the bottleneck associated with crop evolution.</p>
<p>In order to identify possible selection of TIPs in indica and japonica populations, we used the Population Branch Statistic (PBS) method <sup><xref ref-type="bibr" rid="c32">32</xref></sup> which examines strong differentiation in frequencies between populations. This approach consists in comparing the three pairwise FST values between indica, japonica and rufipogon/nivara to estimate the frequency change in TIPs that occurred since the divergence of the two rice subspecies from its wild ancestor. We calculated PBS values for a total of 11,698 TIPs present in the japonica, indica and rufipogon/nivara populations, which included 354 TIPs that are eQTLs in in indica and/or japonica populations. TIP-eQTLs (<xref ref-type="fig" rid="fig3">Figure 3A</xref>) showed much higher PBS values in comparison to those not identified as eQTLs (<xref ref-type="fig" rid="fig3">Figure 3B</xref>) (mean absolute PBS of 0.06 vs 0.02, respectively, p &#x003C; 0.01, Wilcoxon test). Furthermore, TIPs with the most extreme PBS values (above 95 percentile) are enriched for TIP-eQTLs (Fisher&#x2019;s Exact test odds ratio = 4.87, p &#x003C; 0.01), suggesting that a high fraction of TIP eQTLs have been positively selected in indica or japonica. Note that some of the TIPs not identified as eQTLs in this particular dataset may actually be linked to variation of gene expression in organs, developmental stages or environmental conditions different from the ones analyzed here. Interestingly, up to 35&#x0025; of the TIP-eQTLs identified here, associated with 119 genes, fell within the top 10&#x0025; of absolute PBS values for all TIPs (<xref ref-type="fig" rid="fig3">Fig 3A</xref>), suggesting that TIPs associated with gene expression variation are likely under differential selection during rice evolution.</p>
<fig id="fig3" position="float" fig-type="figure">
<label>Figure 3</label>
<caption><title><bold>Signatures of positive selection on TIP-eQTLs</bold>. A, Absolute PBS of 354 TIP-eQTLs (left) and 11,344 TIPs (no-eQTL, right) present in indica, japonica and rufipogon populations. Dotted vertical lines represent the 95th an 99th percentile of the PBS values of the whole dataset (11,698 TIPs). Red dots represent two examples of TIP-eQTLs with extreme PBS values. B) Population frequency of the two TIPs with extreme PBS values, marked as red dots in the left panel A, as well as of the whole TIP dataset. C) Fst-based tree of the two TIPs with extreme PBS values, as well as of the whole TIP dataset (average Fst).</title></caption>
<graphic xlink:href="2197876v1_fig3.jpg"/>
</fig>
<p>We observe that TIPs can show evidence of selection in japonica, indica or both subspecies. As examples, <xref ref-type="fig" rid="fig3">Figure 3B</xref> and <xref ref-type="fig" rid="fig3">C</xref> shows the representation of the PBS analysis, and the frequency in the populations, of two TIP-eQTL whose frequency has greatly increased in indica (TIP_53500), or japonica (TIP_72732), compared with the mean PBS for all TIPs.</p>
</sec>
<sec id="s2c">
<title>Gene variants selected during rice evolution: some examples</title>
<p>Genes linked with TIP-eQTLs showing extreme indica or japonica PBS metrics are good candidates for genes underlying adaptation between different rice subspecies. Among the genes with TIP-eQTLs that have extreme PBS values in indica or japonica we can find several examples that are known to regulate plant architecture, plant and grain development or abiotic stress responses.</p>
<p>Some of the most extreme PBS values are for TIPs associated with changes of expression of genes involved in the signal transduction of hormones, including brassinosteroids, ABA, ethylene, jasmonic acid (JA) and auxin (<xref ref-type="supplementary-material" rid="data7">Supplementary Table 5</xref>). We found four different TIP-eQTLs with high PBS values associated with the EG2/OsJAZ1 gene (Os04g0653000), a locus encoding a JA signaling repressor <sup><xref ref-type="bibr" rid="c33">33</xref></sup>; the four insertions are related to MITEs of the Tourist transposon superfamily. Three of the insertions (TIP_32891, TIP_32892 and TIP_32894), located upstream (3.4 kb and 2.7 kb) and downstream (150 bp) of the gene, are associated with an increase of expression of <italic>EG2,</italic> and are physically linked to one another (mean r<sup>2</sup> value = 0.88). In contrast, the fourth insertion (TIP_32893), is not linked to them, is within the first intron of the gene and is associated with expression reduction.</p>
<p>The recent advances in characterizing the pangenome of rice and the super-pangenome that includes its wild ancestors <sup><xref ref-type="bibr" rid="c34">34</xref>&#x2013;<xref ref-type="bibr" rid="c36">36</xref></sup> has allowed us to characterize the locus in indica, japonica and rufipogon/nivara. This analysis showed that <italic>EG2</italic> is primarily found in two different haplotypes (<xref ref-type="fig" rid="fig4">Figure 4A</xref>). One haplotype, Hap A, contains the three MITE insertions associated with higher expression of EG2 (<xref ref-type="fig" rid="fig4">Figure 4A, 4B</xref>, and <xref ref-type="supplementary-material" rid="data2">Supplementary Figure 2A</xref>), while the second haplotype, Hap B, contains the fourth MITE insertion and is associated with reduced EG2 expression (<xref ref-type="fig" rid="fig4">Figure 4A, 4B</xref> and <xref ref-type="supplementary-material" rid="data2">Supplementary Figure 2A</xref>). Hap A was identified to be at high frequency in rufipogon/nivara (48&#x0025;), whereas Hap B is at lower frequency (16&#x0025;). The frequency of both Hap A and Hap B is slightly increased in japonica (65&#x0025; and 28&#x0025;, respectively). In indica, however, there is a clear reduction in the frequency of Hap A and a concomitant strong frequency increase of Hap B, associated with reduced expression in indica (16&#x0025; and 83&#x0025;, respectively). Interestingly, EG2/OsJAZ1 is a repressor of spikelet development <sup><xref ref-type="bibr" rid="c33">33</xref></sup> and the number of differentiated spikelets per panicle tends to be lower in japonica as compared with indica <sup><xref ref-type="bibr" rid="c37">37</xref></sup>.</p>
<fig id="fig4" position="float" fig-type="figure">
<label>Figure 4</label>
<caption><title><bold>Selection on TIP-eQTLs associated with <italic>EG2</italic> expression</bold>. A, Representation of the two main <italic>EG2</italic> haplotypes present in rice and rufipogon/nivara populations identified in the rice super-pangenome. Conserved nucleotide regions are connected by gray marks. Structural variants longer than 50bp are shown as white spaces. TIP-eQTLs are shown as red boxes. Additional TIPs are shown as white boxes. B, Boxplot representation of the expression of the two <italic>EG2</italic> haplotypes in the indica population. Numbers inside boxplots represent the number of accessions in each group. Analysis of nucleotide diversity (&#x03C0;) and diversity in haplotypes homozygosity tracts (H12) for Hap A (C, E) and Hap B (D, F) in japonica (C, D) and indica (E, F) populations. The vertical dotted black line shows the position of the TIP insertion. the EG2 gene is schematically shown in blue. The horizontal dashed black line represents the mean of 1000 random permutation pulls (for p-value see <xref ref-type="supplementary-material" rid="data1">Supplemental Table 6</xref>).</title></caption>
<graphic xlink:href="2197876v1_fig4.jpg"/>
</fig>
<p>We looked more closely for signs of selection at this specific locus, by examining levels of nucleotide diversity (&#x03C0;<sup><xref ref-type="bibr" rid="c38">38</xref></sup>) and diversity in haplotypes homozygosity tracts (H12 <sup><xref ref-type="bibr" rid="c39">39</xref></sup>). Consistent with the expression (and possible spikelet phenotypic differences), we found that in japonica the haplotype associated with increased <italic>EG2</italic> expression (Hap A) was under positive selection, whereas the haplotype associated with decreased expression of <italic>EG2</italic> (Hap B) did not show any sign of selection; this indicates that positive selection acts on individuals carrying the haplotype for high expression of <italic>EG2</italic> in japonica (<xref ref-type="fig" rid="fig4">Figure 4C-D</xref>). Specifically, we observe significantly lower &#x03C0; and higher H12 in Hap A, associated with increased <italic>EG2</italic> expression, while this pattern was not significant for Hap B (<xref ref-type="supplementary-material" rid="data8">supplementary Table 6</xref>). However, in indica the opposite pattern appears to prevail, wherein there is a stronger evidence of selection for Hap B, but less so for Hap A (<xref ref-type="fig" rid="fig4">Figure 4E-F</xref>). This suggests positive selection towards higher expression of <italic>EG2</italic> in japonica, and lower expression of <italic>EG2</italic> in indica, which could potentially explain the higher number of spikelets per panicle observed in the latter<sup><xref ref-type="bibr" rid="c37">37</xref></sup>.</p>
<p>Another good candidate for genes underlying adaptation of rice is the <italic>OsGAP</italic> gene. There are two different TIP-eQTLs with high PBS values associated with changes of expression of the <italic>OsGAP</italic> gene (Os07g0500300) in japonica, whereas they do not correlate with changes in expression in indica (<xref ref-type="supplementary-material" rid="data2">Supplementary Figure 2B</xref>). <italic>OsGAP</italic> encodes a putative GTPase activating protein, similar to CAR proteins (C2-domain abscisic acid-related proteins), that play an important role in ABA signal transduction in Arabidopsis <sup><xref ref-type="bibr" rid="c40">40</xref></sup>. The first TIP (TIP_50057) is located ~4 kb upstream of the OsGAP gene and is associated with an increase of expression of the gene in japonica whereas the second insertion (TIP_50059) is located within the first intron and is associated with a decrease in expression in japonica (<xref ref-type="fig" rid="fig5">Figure 5A-B</xref>). The analysis of the locus using the super-pangenome data shows that <italic>OsGAP</italic> is found in two different haplotypes, one containing TIP_50057 (Hap A) and the other containing TIP_50059, together with some additional structural differences (Hap B; <xref ref-type="fig" rid="fig5">Figure 5A</xref>). The two TIPs defining the two haplotypes are present in the rufipogon/nivara population at complementary frequencies (73&#x0025; and 19&#x0025;, respectively). Interestingly, the proportion of the two haplotypes in cultivated rice seem to be very different, with an increased frequency of the haplotype associated with a reduced expression of <italic>OsGAP</italic> (Hap B) in both japonica (~50&#x0025;) and indica (~95&#x0025;) were it reaches near fixation.</p>
<fig id="fig5" position="float" fig-type="figure">
<label>Figure 5</label>
<caption><title><bold>Selection on TIP-eQTLs associated with <italic>OsGAP</italic> expression</bold>. A, Representation of the two main <italic>OsGAP</italic> haplotypes present in rice and rufipogon/nivara populations identified in the rice super-pangenome. Conserved nucleotide regions are connected by gray marks. Structural variants longer than 50bp are shown as white spaces. TIP-eQTLs are shown as red boxes. Additional TIPs are shown as white boxes. B, Boxplot representation of the expression of the two <italic>OsGAP</italic> haplotypes in the japonica population. Numbers inside boxplots represent the number of accessions in each group. Analysis of nucleotide diversity (&#x03C0;) and diversity in haplotypes homozygosity tracts (H12) for Hap A (C) and Hap B (D) in japonica population. The vertical dotted black line shows the position of the TIP insertion. The OsGAP gene is schematically shown in blue. The horizontal dashed black line represents the mean of 1000 random permutation pulls (for p-value see <xref ref-type="supplementary-material" rid="data1">Supplemental Table 6</xref>).</title></caption>
<graphic xlink:href="2197876v1_fig5.jpg"/>
</fig>
<p>It has been proposed that <italic>OsGAP</italic> is a negative regulator of ABA signaling in seed germination and dormancy, and that reduced expression of <italic>OsGAP</italic> may prevent rice pre-harvest sprouting (PHS) <sup><xref ref-type="bibr" rid="c40">40</xref></sup>. Reduced seed dormancy is a common target for selection of cultivated varieties, but this trait may come at a cost of a higher PHS risk, which may be a problem, especially in regions where heavy rain is common during the harvest season. Therefore, the appropriate degree of dormancy may depend on the agroecological conditions in which a particular variety is grown. We see here that two independent TIPs are associated with changes of <italic>OsGAP</italic> expression in japonica but not in indica (<xref ref-type="fig" rid="fig5">Figure 5A</xref>, <xref ref-type="supplementary-material" rid="data2">Supplementary Figure 2B</xref>). Interestingly, there are clear and strong signs of selection for increased expression of <italic>OsGAP</italic> in japonica, wherein Hap A was under positive selection, and Hap B was selectively neutral, indicating positive selection acts on only those individuals carrying haplotype for high expression of <italic>OsGAP</italic> in japonica (<xref ref-type="fig" rid="fig5">Figure 5C,D</xref>; <xref ref-type="supplementary-material" rid="data8">Supplementary Table 6</xref>). In contrast, there is no evidence for selection in indica varieties despite the near fixation of one haplotype. This suggests that an increased level of <italic>OsGAP</italic> may be relevant for the control of dormancy in japonica but not in indica (despite its near-fixation in the latter), which would be in line with recent data suggesting that seed dormancy is regulated by different genes/alleles in indica and japonica <sup><xref ref-type="bibr" rid="c41">41</xref></sup>.</p>
<p>Finally, we find a TIP-eQTL whose frequency has greatly increased in cultivated rice with respect to rufipogon/nivara. TIP_45706, corresponding to an insertion of a gypsy-like LTR-RT at ~1 kb upstream of the <italic>OsMPH1</italic> gene (<xref ref-type="fig" rid="fig6">Figure 6A</xref>). This insertion is associated with a decrease in the expression of <italic>OsMPH1</italic> in indica and possibly japonica varieties (<xref ref-type="fig" rid="fig6">Figure 6B</xref>, <xref ref-type="supplementary-material" rid="data2">Supplementary Figure 2C</xref>), and is found at low frequency in rufipogon/nivara (~11&#x0025;) but at high frequency in both indica (70&#x0025;) and japonica (95&#x0025;). <italic>OsMPH1</italic> encodes a MYB-like transcription factor that has been shown to regulate plant height, its reduced expression resulting in shorter plants <sup><xref ref-type="bibr" rid="c42">42</xref></sup>. A reduction in plant height due to a mutation in the <italic>SD1</italic> gene, which encodes the gibberellin biosynthesis gene GA-20ox, was at the origin of the Green Revolution in the 1960s, but it has been shown that alleles of <italic>SD1</italic> resulting in shorter culm length were also selected during the domestication of japonica rice <sup><xref ref-type="bibr" rid="c43">43</xref></sup>. Our results suggest possible parallel selection of alleles in other genes that may lead to similar phenotypes. This is further reinforced by strong selection acting on the haplotype containing the TIP_45706 insertion in both indica and japonica (<xref ref-type="fig" rid="fig6">Figure 6C</xref> and <xref ref-type="fig" rid="fig6">6D</xref> <xref ref-type="supplementary-material" rid="data8">Supplementary table 6</xref>), leading to reduced expression of <italic>OsMPH1</italic> and thus shorter plants.</p>
<fig id="fig6" position="float" fig-type="figure">
<label>Figure 6</label>
<caption><title><bold>Selection on TIP-eQTLs associated with <italic>OsMPH1</italic> expression.</bold> Representation of the two main <italic>OsMPH1</italic> haplotypes present in rice and rufipogon/nivara populations identified in the rice super-pangenome. Conserved nucleotide regions are connected by gray marks. Structural variants longer than 50bp are shown as white spaces. TIP-eQTLs are shown as red boxes. B, Boxplot representation of the expression of the two <italic>OsMPH1</italic> haplotypes in the japonica population. Numbers inside boxplots represent the number of accessions in each group. Analysis of nucleotide diversity (&#x03C0;) and diversity in haplotypes homozygosity tracts (H12) for Hap A in indica population (C) and Hap A (D) in japonica population. The vertical dotted black line shows the position of the TIP insertion. The OsMPH1 gene, which is schematically shown in blue. The horizontal dashed black line represents the mean of 1000 random permutation pulls (for p-value see <xref ref-type="supplementary-material" rid="data1">Supplemental Table 6</xref>).</title></caption>
<graphic xlink:href="2197876v1_fig6.jpg"/>
</fig>
</sec>
</sec>
<sec id="s3" sec-type="discussion">
<title>Discussion</title>
<p>Transposons are a major source of genome variability, and are known to affect gene expression in numerous ways. The importance of rare variants and unfixed TE insertions for gene expression variation in humans <sup><xref ref-type="bibr" rid="c44">44</xref></sup> and plants <sup><xref ref-type="bibr" rid="c23">23</xref></sup> has already been demonstrated. A recent pangenome analysis in tomato has shown that the phenotypic variation of important crop traits is linked to structural variants present in the species, most of which are actually TIPs, which are associated to subtle changes of transcription of genes involved in signal transduction <sup><xref ref-type="bibr" rid="c45">45</xref></sup>. In the present study we evaluated the importance of TIP-related expression variability in the recent evolution of rice. To this end we performed a TIP-eQTL mapping using expression data from rice varieties from the <italic>O. sativa</italic> ssp. <italic>indica</italic> and <italic>O. sativa</italic> ssp. <italic>japonica</italic> subspecies. We show here that using TIPs in addition to SNPs as genetic information allows the uncovering of additional genomic associations to changes in gene expression, and that when both TIPs and SNPs are both associated, TIPs often explain more of the variance in expression. This is in line with recent reports that have also used TIPs for GWAS with different phenotypes in tomato and rice <sup><xref ref-type="bibr" rid="c7">7</xref>,<xref ref-type="bibr" rid="c8">8</xref></sup>, and suggests that TIPs may be more frequently the causal mutation of a particular phenotype than SNPs. The concentration of TIP-eQTLs in upstream regions of genes, where most transcriptional regulatory elements usually reside, also suggest that a high fraction of the TIP-eQTLs here described are the actual mutation underlying gene expression variation.</p>
<p>The close association of some TEs with genes could also partially explain the frequent association of more than one TIP with changes of expression of particular genes. Indeed, among the 718 genes with TIP-eQTLs described here, 18&#x0025; have two of more TIPs associated with changes of expression. However, not all genes have the same number of TIPs. Among the 30 genes with TIPs in indica and japonica that have the highest population branch statistics (PBS) &#x2013; an indicator of strong differential selection - 13 have more than one TIP-eQTL. This suggests that TIPs are a major source of gene expression variability in rice, in particular in genes that may have been strongly selected during the recent evolution of rice. In some cases, the different TIPs linked to a gene are associated with opposite effects on its expression and are present in different haplotypes. In these instances, as shown for the <italic>OsJAZ1</italic> and <italic>OsGAP</italic> genes, the two haplotypes have strong signs of selection, although one positively and the other negatively, pointing to role these TE insertions may play in adaptive evolution of these crop subspecies.</p>
<p>The results presented here show that most TIPs associated with variation of gene expression in indica and/or japonica are relatively old insertions that are also present in rufipogon/nivara, the wild ancestors of rice. This is in line with recent data showing that a high number of the structural variants associated with changes of expression in tomato were already present in its wild ancestor <sup><xref ref-type="bibr" rid="c45">45</xref></sup> and highlights the importance of the standing variation, already present in the wild ancestors, for crop adaptation. It is assumed that most TE insertions are selectively neutral or slightly deleterious <sup><xref ref-type="bibr" rid="c46">46</xref></sup>, and the presence of TIPs associated with expression variation of genes in the wild ancestors of rice, suggests that this variation can be well tolerated in wild rice. Interestingly, we show here that many of these TIPs have been positive or negative selected in rice populations, which shows that they translate into selectable phenotypic differences in the agroecological conditions of cultivated rice. Indeed, we show examples of selected variants with modified expression of genes known to be linked to important traits that were targets of selection. It has been already proposed that a major fraction of the mutations linked to crop domestication and breeding are associated with changes of gene expression involved in signal transduction <sup><xref ref-type="bibr" rid="c10">10</xref>,<xref ref-type="bibr" rid="c11">11</xref></sup>. Here we show that specific expression variants of genes involved in signal transduction have been differentially selected in indica and japonica rice populations. In addition, our results also point to TEs as a major driver of gene expression variation selected during crop adaptation and breeding.</p>
</sec>
<sec id="s4" sec-type="methods">
<title>Methods</title>
<sec id="s4a">
<title>TIP detection</title>
<p>Re-sequencing data for 126 indica and 82 japonica rice accessions was obtained from Groen et al <sup><xref ref-type="bibr" rid="c19">19</xref></sup> (Bioproject accessions PRJNA557122, PRJNA422249 and PRJEB6180). BBDuK (<ext-link ext-link-type="uri" xlink:href="https://sourceforge.net/projects/bbmap/">https://sourceforge.net/projects/bbmap/</ext-link>) was used for adaptor and quality trimming. Clean reads were aligned to the Nipponbare reference genome <sup><xref ref-type="bibr" rid="c47">47</xref></sup> using BWA <sup><xref ref-type="bibr" rid="c48">48</xref></sup>. PoPoolationTE2 <sup><xref ref-type="bibr" rid="c20">20</xref></sup> was used to detect TIPs in the mode &#x201C;joint&#x201D; using Nipponbare TE annotation described by Ou et al <sup><xref ref-type="bibr" rid="c47">47</xref></sup>. TIPs with a zygosity lower than 0.25 in all samples were excluded to avoid false positives. TIPs were further filtered using the parameters &#x2013;-min-count 5, --max-otherte-count 2, --max-structvar-count 2, and only those having MAF higher than 3&#x0025; and no missing data were kept. Finally, the TIP matrix was transformed to binary form using zygosity cutoff of 0.05 to define an insertion as present.</p>
</sec>
 <sec id="s4b">
<title>TIP and SNP-eQTL mapping</title>
<p>Transcriptome data for the 208 rice accessions (wet and drought stress conditions; tree independent replicates per condition) was obtained from Groen el al <sup><xref ref-type="bibr" rid="c19">19</xref></sup> and separated into individual replicate matrices. Transcripts expressed in more than 10&#x0025; of the samples on each replicate were extracted and counts were normalized using the <italic>yst</italic> function of DESeq2 <sup><xref ref-type="bibr" rid="c49">49</xref></sup>. TIP and SNP-eQTL mapping were performed using Matrix eQTL software <sup><xref ref-type="bibr" rid="c50">50</xref></sup>, applying the simple linear regression model and including subpopulation groups as covariates. We used a cut-off distance of 5,000bp to identify <italic>cis</italic>-eQTLs and a 5&#x0025; False Discovery Rate threshold for multiple testing corrections.</p>
</sec>
<sec id="s4c">
<title>Selection analyses</title>
<p>For the Population Branch Statistics (PBS) analysis we looked for the presence of rice TIPs in the 82 accessions belonging to the rufipogon/nivara population (<xref ref-type="supplementary-material" rid="data6">Supplementary Table 4</xref>) and retained only those present in the three populations (indica, japonica, rufipogon/nivara), resulting in a matrix of 13,622 TIPs and 288 accessions. The TIP matrix was filtered to remove TIPs with more than 5&#x0025; missing data, or with MAF &#x003C; 5&#x0025;. The remaining missing data (1.7&#x0025;) was imputed using the &#x201C;wright&#x201D; algorithm implemented in SNPready. The clean matrix (11,698) was used to calculate the individual PBS values per TIP, following the formulas described in Yi et al., (2010)<sup><xref ref-type="bibr" rid="c32">32</xref></sup>.</p>
<p>Along with PBS, to evaluate whether TIP-eQTLs show signs of selection, we estimated nucleotide diversity (pi <sup><xref ref-type="bibr" rid="c38">38</xref></sup>), which is a SFS (site-frequency spectrum) measure to test for the presence of selection. This was done using a custom script in a window of 25SNPs with a sliding window of 5. Further, we also estimated the H12 homozygosity statistic <sup><xref ref-type="bibr" rid="c39">39</xref></sup> that can detect the presence of both hard and soft sweeps associated with selection. Since we expect long runs of homozygosity in the regions around the selected loci, H12 was calcuted in windows of 50 SNPs, with a sliding window of 25. Both these statistics were estimated separately for indica and japonica, and for the samples with TIP insertions present and absent. This was for a range of 100kb (50kb up-and downstream the TIP insertion), using SNPs identified from Groen et al <sup><xref ref-type="bibr" rid="c19">19</xref></sup> but without the 1000bp linkage thinning. To test for the significance of the statistics, we performed a permutation test (N=1000) with random sampling with the same number of individuals that were used to estimate the selection statistics. The statistics were estimated for these 1000 random pulls in the same regions, and using the same window sizes as the original statistics.</p>
</sec>
</sec>
</body>
<back>
<ack>
<title>Acknowledgements</title>
<p>We thank Jae Yong Choi, Simon C. Groen and Sebasti&#x00E1;n Ramos-Onsins for helpful discussions. Noemia Morales-Diaz holds Predoctoral fellowship PRE2020-095111-funded by MCIN/AEI/ 10.13039/501100011033 and by &#x201C;ESF Investing in your future&#x201D;. Ra&#x00FA;l Castanera holds a Juan de la Cierva Incorporaci&#x00F3;n Postdoctoral fellowship IJC2020&#x2013; 045949-I funded by MCIN/AEI/10.13039/501100011033 and by the &#x201C;European Union NextGenerationEU/PRTR&#x201D;. This work was funded by the Spanish Ministerio de Ciencia e Innovaci&#x00F3;n (PID2019-106374RB-I00/AEI/10.13039/501100011033). We also acknowledge financial support from the Spanish Ministerio de Econom&#x00ED;a y Competitividad through the &#x201C;Severo Ochoa Program for Centers of Excellence in R&#x0026;D&#x201D; 2016&#x2013;2019 (SEV-2015-0533) and CEX2019&#x2013;000902-S funded by MCIN/AEI/10.13039/501100011033.</p>
<p>This work was also supported by grants SEV - 2015 - 0533 and CEX2019-000902-S funded by MCIN/AEI/10.13039/501100011033, and by the CERCA Program / Generalitat de Catalunya.</p>
</ack>
<sec>
<title>Author contributions</title>
<p>RC and JMC conceived the project. RC and JMC planned the experiments, together with SG and MDP for the selection analyses. RC performed most experiments with the help of NMD, who also solved the structure of the different haplotypes. SG performed the analyses of selection. All authors discussed the results JMC and RC drafted the article. All authors contributed to the paper.</p>
</sec>
<ref-list>
<title>References</title>
<ref id="c1"><label>1.</label><mixed-citation publication-type="journal"><person-group person-group-type="author"><string-name><surname>Wendel</surname>, <given-names>J. F.</given-names></string-name>, <string-name><surname>Jackson</surname>, <given-names>S. A.</given-names></string-name>, <string-name><surname>Meyers</surname>, <given-names>B. C.</given-names></string-name> &#x0026; <string-name><surname>Wing</surname>, <given-names>R. A.</given-names></string-name></person-group> <article-title>Evolution of plant genome architecture</article-title>. <source>Genome Biol</source>. <volume>17</volume>, <fpage>37</fpage> (<year>2016</year>).</mixed-citation></ref>
<ref id="c2"><label>2.</label><mixed-citation publication-type="journal"><person-group person-group-type="author"><string-name><surname>Tenaillon</surname>, <given-names>M. I.</given-names></string-name>, <string-name><surname>Hollister</surname>, <given-names>J. D.</given-names></string-name> &#x0026; <string-name><surname>Gaut</surname>, <given-names>B. S.</given-names></string-name></person-group> <article-title>A triptych of the evolution of plant transposable elements</article-title>. <source>Trends in Plant Science</source> <volume>15</volume>, <fpage>471</fpage>&#x2013;<lpage>478</lpage> (<year>2010</year>).</mixed-citation></ref>
<ref id="c3"><label>3.</label><mixed-citation publication-type="journal"><person-group person-group-type="author"><string-name><surname>Lisch</surname>, <given-names>D.</given-names></string-name></person-group> <article-title>How important are transposons for plant evolution?</article-title> <source>Nat. Rev. Genet</source>. <volume>14</volume>, <fpage>49</fpage>&#x2013;<lpage>61</lpage> (<year>2013</year>).</mixed-citation></ref>
<ref id="c4"><label>4.</label><mixed-citation publication-type="journal"><person-group person-group-type="author"><string-name><surname>Voichek</surname>, <given-names>Y.</given-names></string-name> &#x0026; <string-name><surname>Weigel</surname>, <given-names>D.</given-names></string-name></person-group> <article-title>Identifying genetic variants underlying phenotypic variation in plants without complete genomes</article-title>. <source>Nat. Genet</source>. <volume>52</volume>, <fpage>534</fpage>&#x2013;<lpage>540</lpage> (<year>2020</year>).</mixed-citation></ref>
<ref id="c5"><label>5.</label><mixed-citation publication-type="journal"><person-group person-group-type="author"><string-name><surname>Vendrell-Mir</surname>, <given-names>P.</given-names></string-name> <etal>et al.</etal></person-group> <article-title>A benchmark of transposon insertion detection tools using real data</article-title>. <source>Mob. DNA</source> <volume>10</volume>, <fpage>53</fpage> (<year>2019</year>).</mixed-citation></ref>
<ref id="c6"><label>6.</label><mixed-citation publication-type="journal"><person-group person-group-type="author"><string-name><surname>Akakpo</surname>, <given-names>R.</given-names></string-name>, <string-name><surname>Carpentier</surname>, <given-names>M. C.</given-names></string-name>, <string-name><surname>Ie Hsing</surname>, <given-names>Y.</given-names></string-name> &#x0026; <string-name><surname>Panaud</surname>, <given-names>O.</given-names></string-name></person-group> <article-title>The impact of transposable elements on the structure, evolution and function of the rice genome</article-title>. <source>New Phytologist</source> <volume>226</volume>, <fpage>44</fpage>&#x2013;<lpage>49</lpage> (<year>2020</year>).</mixed-citation></ref>
<ref id="c7"><label>7.</label><mixed-citation publication-type="journal"><person-group person-group-type="author"><string-name><surname>Dom&#x00ED;nguez</surname>, <given-names>M.</given-names></string-name> <etal>et al.</etal></person-group> <article-title>The impact of transposable elements on tomato diversity</article-title>. <source>Nat. Commun</source>. <volume>11</volume>, <fpage>4058</fpage> (<year>2020</year>).</mixed-citation></ref>
<ref id="c8"><label>8.</label><mixed-citation publication-type="journal"><person-group person-group-type="author"><string-name><surname>Castanera</surname>, <given-names>R.</given-names></string-name> <etal>et al.</etal></person-group> <article-title>The amplification dynamics of MITEs and their impact on rice trait variability</article-title>. <source>Plant J</source> <volume>107</volume>, <fpage>118</fpage>&#x2013;<lpage>135</lpage> (<year>2021</year>).</mixed-citation></ref>
<ref id="c9"><label>9.</label><mixed-citation publication-type="website"><person-group person-group-type="author"><string-name><surname>Vourlaki</surname>, <given-names>I.-T.</given-names></string-name>, <string-name><surname>Castanera</surname>, <given-names>R.</given-names></string-name>, <string-name><surname>Ramos-Onsins</surname>, <given-names>S. E.</given-names></string-name>, <string-name><surname>Casacuberta</surname>, <given-names>J. M.</given-names></string-name> &#x0026; <string-name><surname>P&#x00E9;rez-Enciso</surname>, <given-names>M.</given-names></string-name></person-group> <article-title>Transposable element polymorphisms improve prediction of complex agronomic traits in rice</article-title>. <source>Theor. Appl. Genet</source>. (<year>2022</year>).</mixed-citation></ref>
<ref id="c10"><label>10.</label><mixed-citation publication-type="journal"><person-group person-group-type="author"><string-name><surname>Swinnen</surname>, <given-names>G.</given-names></string-name>, <string-name><surname>Goossens</surname>, <given-names>A.</given-names></string-name> &#x0026; <string-name><surname>Pauwels</surname>, <given-names>L.</given-names></string-name></person-group> <article-title>Lessons from Domestication: Targeting Cis-Regulatory Elements for Crop Improvement</article-title>. <source>Trends in Plant Science</source> <volume>21</volume>, <fpage>506</fpage>&#x2013;<lpage>515</lpage> (<year>2016</year>).</mixed-citation></ref>
<ref id="c11"><label>11.</label><mixed-citation publication-type="journal"><person-group person-group-type="author"><string-name><surname>Meyer</surname>, <given-names>R. S.</given-names></string-name> &#x0026; <string-name><surname>Purugganan</surname>, <given-names>M. D.</given-names></string-name></person-group> <article-title>Evolution of crop species: Genetics of domestication and diversification</article-title>. <source>Nat. Rev. Genet</source>. <volume>14</volume>, <fpage>840</fpage>&#x2013;<lpage>852</lpage> (<year>2013</year>).</mixed-citation></ref>
<ref id="c12"><label>12.</label><mixed-citation publication-type="journal"><person-group person-group-type="author"><string-name><surname>Wang</surname>, <given-names>Q.</given-names></string-name>, <string-name><surname>Wang</surname>, <given-names>Y.</given-names></string-name>, <string-name><surname>Sun</surname>, <given-names>H.</given-names></string-name>, <string-name><surname>Sun</surname>, <given-names>L.</given-names></string-name> &#x0026; <string-name><surname>Zhang</surname>, <given-names>L.</given-names></string-name></person-group> <article-title>Transposon-induced methylation of the RsMYB1 promoter disturbs anthocyanin accumulation in red-fleshed radish</article-title>. <source>J. Exp. Bot</source>. <volume>71</volume>, <fpage>2537</fpage>&#x2013;<lpage>2550</lpage> (<year>2020</year>).</mixed-citation></ref>
<ref id="c13"><label>13.</label><mixed-citation publication-type="journal"><person-group person-group-type="author"><string-name><surname>Martin</surname>, <given-names>A.</given-names></string-name> <etal>et al.</etal></person-group> <article-title>A transposon-induced epigenetic change leads to sex determination in melon</article-title>. <source>Nature</source> <volume>461</volume>, <fpage>1135</fpage>&#x2013;<lpage>1138</lpage> (<year>2009</year>).</mixed-citation></ref>
<ref id="c14"><label>14.</label><mixed-citation publication-type="journal"><person-group person-group-type="author"><string-name><surname>Quadrana</surname>, <given-names>L.</given-names></string-name></person-group> <article-title>The contribution of transposable elements to transcriptional novelty in plants: the FLC affair</article-title>. <source>Transcription</source> <volume>11</volume>, <fpage>192</fpage>&#x2013;<lpage>198</lpage> (<year>2020</year>).</mixed-citation></ref>
<ref id="c15"><label>15.</label><mixed-citation publication-type="journal"><person-group person-group-type="author"><string-name><surname>Tian</surname>, <given-names>Y.</given-names></string-name> <etal>et al.</etal></person-group> <article-title>Transposon insertions regulate genome-wide allele-specific expression and underpin flower colour variations in apple (Malus spp.)</article-title>. <source>Plant Biotechnol. J</source> <volume>20</volume>, <fpage>1285</fpage>&#x2013;<lpage>1297</lpage> (<year>2022</year>).</mixed-citation></ref>
<ref id="c16"><label>16.</label><mixed-citation publication-type="journal"><person-group person-group-type="author"><string-name><surname>Studer</surname>, <given-names>A.</given-names></string-name>, <string-name><surname>Zhao</surname>, <given-names>Q.</given-names></string-name>, <string-name><surname>Ross-Ibarra</surname>, <given-names>J.</given-names></string-name> &#x0026; <string-name><surname>Doebley</surname>, <given-names>J.</given-names></string-name></person-group> <article-title>Identification of a functional transposon insertion in the maize domestication gene tb1</article-title>. <source>Nat. Genet</source>. <volume>43</volume>, <fpage>1160</fpage>&#x2013;<lpage>1163</lpage> (<year>2011</year>).</mixed-citation></ref>
<ref id="c17"><label>17.</label><mixed-citation publication-type="journal"><person-group person-group-type="author"><string-name><surname>Rebollo</surname>, <given-names>R.</given-names></string-name>, <string-name><surname>Romanish</surname>, <given-names>M. T.</given-names></string-name> &#x0026; <string-name><surname>Mager</surname>, <given-names>D. L.</given-names></string-name></person-group> <article-title>Transposable elements: An abundant and natural source of regulatory sequences for host genes</article-title>. <source>Annu. Rev. Genet</source>. <volume>46</volume>, <fpage>21</fpage>&#x2013;<lpage>42</lpage> (<year>2012</year>).</mixed-citation></ref>
<ref id="c18"><label>18.</label><mixed-citation publication-type="journal"><person-group person-group-type="author"><string-name><surname>Morata</surname>, <given-names>J.</given-names></string-name>, <string-name><surname>Mar&#x00ED;n</surname>, <given-names>F.</given-names></string-name>, <string-name><surname>Payet</surname>, <given-names>J.</given-names></string-name> &#x0026; <string-name><surname>Casacuberta</surname>, <given-names>J. M.</given-names></string-name></person-group> <article-title>Plant lineage-specific amplification of transcription factor binding motifs by miniature inverted-repeat transposable elements (MITEs)</article-title>. <source>Genome Biol. Evol</source>. <volume>10</volume>, <fpage>1210</fpage>&#x2013;<lpage>1220</lpage> (<year>2018</year>).</mixed-citation></ref>
<ref id="c19"><label>19.</label><mixed-citation publication-type="journal"><person-group person-group-type="author"><string-name><surname>Groen</surname>, <given-names>S. C.</given-names></string-name> <etal>et al.</etal></person-group> <article-title>The strength and pattern of natural selection on gene expression in rice</article-title>. <source>Nature</source> <volume>578</volume>, <fpage>572</fpage>&#x2013;<lpage>576</lpage> (<year>2020</year>).</mixed-citation></ref>
<ref id="c20"><label>20.</label><mixed-citation publication-type="journal"><person-group person-group-type="author"><string-name><surname>Kofler</surname>, <given-names>R.</given-names></string-name>, <string-name><surname>G&#x00F3;mez-S&#x00E1;nchez</surname>, <given-names>D.</given-names></string-name> &#x0026; <string-name><surname>Schl&#x00F6;tterer</surname>, <given-names>C.</given-names></string-name></person-group> <article-title>PoPoolationTE2: Comparative Population Genomics of Transposable Elements Using Pool-Seq</article-title>. <source>Mol. Biol. Evol</source>. <volume>33</volume>, <fpage>2759</fpage>&#x2013;<lpage>2764</lpage> (<year>2016</year>).</mixed-citation></ref>
<ref id="c21"><label>21.</label><mixed-citation publication-type="journal"><person-group person-group-type="author"><string-name><surname>Zhang</surname>, <given-names>J.</given-names></string-name> <etal>et al.</etal></person-group> <article-title>Building two indica rice reference genomes with PacBio long-read and Illumina paired-end sequencing data</article-title>. <source>Sci. Data</source> <volume>3</volume>, <fpage>160076</fpage> (<year>2016</year>).</mixed-citation></ref>
<ref id="c22"><label>22.</label><mixed-citation publication-type="journal"><person-group person-group-type="author"><string-name><surname>Wicker</surname>, <given-names>T.</given-names></string-name> <etal>et al.</etal></person-group> <article-title>A unified classification system for eukaryotic transposable elements</article-title>. <source>Nat. Rev. Genet</source>. <volume>8</volume>, <fpage>973</fpage>&#x2013;<lpage>982</lpage> (<year>2007</year>).</mixed-citation></ref>
<ref id="c23"><label>23.</label><mixed-citation publication-type="journal"><person-group person-group-type="author"><string-name><surname>Uzunovi&#x0107;</surname>, <given-names>J.</given-names></string-name>, <string-name><surname>Josephs</surname>, <given-names>E. B.</given-names></string-name>, <string-name><surname>Stinchcombe</surname>, <given-names>J. R.</given-names></string-name> &#x0026; <string-name><surname>Wright</surname>, <given-names>S. I.</given-names></string-name></person-group> <article-title>Transposable Elements Are Important Contributors to Standing Variation in Gene Expression in Capsella Grandiflora</article-title>. <source>Mol. Biol. Evol</source>. <volume>36</volume>, <fpage>1734</fpage>&#x2013;<lpage>1745</lpage> (<year>2019</year>).</mixed-citation></ref>
<ref id="c24"><label>24.</label><mixed-citation publication-type="journal"><person-group person-group-type="author"><string-name><surname>Josephs</surname>, <given-names>E.</given-names></string-name>, <string-name><surname>Lee</surname>, <given-names>Y.</given-names></string-name>, <string-name><surname>Stinchcombe</surname>, <given-names>J.</given-names></string-name> &#x0026; <string-name><surname>Wright</surname>, <given-names>S.</given-names></string-name></person-group> <article-title>Association mapping reveals the role of purifying selection in the maintenance of genomic variation in gene expression</article-title>. <source>Proc Natl Acad Sci U S A</source> <volume>112</volume>, <fpage>15390</fpage>&#x2013;<lpage>15395</lpage> (<year>2015</year>).</mixed-citation></ref>
<ref id="c25"><label>25.</label><mixed-citation publication-type="website"><person-group person-group-type="author"><string-name><surname>Lye</surname>, <given-names>Z.</given-names></string-name>, <string-name><surname>Choi</surname>, <given-names>J. Y.</given-names></string-name> &#x0026; <string-name><surname>Purugganan</surname>, <given-names>M. D.</given-names></string-name></person-group> <article-title>Deleterious mutations and the rare allele burden on rice gene expression</article-title>. <source>Mol. Biol. Evol</source>. (<year>2022</year>).</mixed-citation></ref>
<ref id="c26"><label>26.</label><mixed-citation publication-type="journal"><person-group person-group-type="author"><string-name><surname>Shanmugam</surname>, <given-names>S.</given-names></string-name>, <string-name><surname>Boyett</surname>, <given-names>V. A.</given-names></string-name> &#x0026; <string-name><surname>Khodakovskaya</surname>, <given-names>M.</given-names></string-name></person-group> <article-title>Enhancement of drought tolerance in rice by silencing of the OsSYT-5 gene</article-title>. <source>PLoS One</source> <volume>16</volume>, <fpage>e0258171</fpage> (<year>2021</year>).</mixed-citation></ref>
<ref id="c27"><label>27.</label><mixed-citation publication-type="journal"><person-group person-group-type="author"><string-name><surname>Gao</surname>, <given-names>W.</given-names></string-name> <etal>et al.</etal></person-group> <article-title>miR2105 and the kinase OsSAPK10 co-regulate OsbZIP86 to mediate drought-induced ABA biosynthesis in rice</article-title>. <source>PLANT Physiol</source>. <volume>189</volume>, <fpage>889</fpage>&#x2013;<lpage>905</lpage> (<year>2022</year>).</mixed-citation></ref>
<ref id="c28"><label>28.</label><mixed-citation publication-type="journal"><person-group person-group-type="author"><string-name><surname>Lambin</surname>, <given-names>J.</given-names></string-name> <etal>et al.</etal></person-group> <article-title>OsEUL Lectin Gene Expression in Rice: Stress Regulation, Subcellular Localization and Tissue Specificity</article-title>. <source>Front. Plant Sci</source>. <volume>11</volume>, <fpage>185</fpage> (<year>2020</year>).</mixed-citation></ref>
<ref id="c29"><label>29.</label><mixed-citation publication-type="journal"><person-group person-group-type="author"><string-name><surname>Lu</surname>, <given-names>L.</given-names></string-name> <etal>et al.</etal></person-group> <article-title>Tracking the genome-wide outcomes of a transposable element burst over decades of amplification</article-title>. <source>Proc Natl Acad Sci U S A</source> <volume>114</volume>, <fpage>E10550</fpage>&#x2013;<lpage>E10559</lpage> (<year>2017</year>).</mixed-citation></ref>
<ref id="c30"><label>30.</label><mixed-citation publication-type="journal"><person-group person-group-type="author"><string-name><surname>Carpentier</surname>, <given-names>M. C.</given-names></string-name> <etal>et al.</etal></person-group> <article-title>Retrotranspositional landscape of Asian rice revealed by 3000 genomes</article-title>. <source>Nat. Commun</source>. <volume>10</volume>, <fpage>24</fpage> (<year>2019</year>).</mixed-citation></ref>
<ref id="c31"><label>31.</label><mixed-citation publication-type="journal"><person-group person-group-type="author"><string-name><surname>Choi</surname>, <given-names>J.</given-names></string-name> <etal>et al.</etal></person-group> <article-title>The Rice Paradox: Multiple Origins but Single Domestication in Asian Rice</article-title>. <source>Mol. Biol. Evol</source>. <volume>34</volume>, <fpage>969</fpage>&#x2013;<lpage>979</lpage> (<year>2017</year>).</mixed-citation></ref>
<ref id="c32"><label>32.</label><mixed-citation publication-type="journal"><person-group person-group-type="author"><string-name><surname>Yi</surname>, <given-names>X.</given-names></string-name> <etal>et al.</etal></person-group> <article-title>Sequencing of Fifty Human Exomes Reveals Adaptation to High Altitude</article-title>. <source>Science (80-. )</source>. <volume>329</volume>, <fpage>75</fpage>&#x2013;<lpage>78</lpage> (<year>2010</year>).</mixed-citation></ref>
<ref id="c33"><label>33.</label><mixed-citation publication-type="journal"><person-group person-group-type="author"><string-name><surname>Cai</surname>, <given-names>Q.</given-names></string-name> <etal>et al.</etal></person-group> <article-title>Jasmonic acid regulates spikelet development in rice</article-title>. <source>Nat. Commun</source>. <volume>5</volume>, <fpage>3476</fpage> (<year>2014</year>).</mixed-citation></ref>
<ref id="c34"><label>34.</label><mixed-citation publication-type="journal"><person-group person-group-type="author"><string-name><surname>Qin</surname>, <given-names>P.</given-names></string-name> <etal>et al.</etal></person-group> <article-title>Pan-genome analysis of 33 genetically diverse rice accessions reveals hidden genomic variations</article-title>. <source>Cell</source> <volume>184</volume>, <fpage>3542</fpage>&#x2013;<lpage>3558</lpage> (<year>2021</year>).</mixed-citation></ref>
<ref id="c35"><label>35.</label><mixed-citation publication-type="journal"><person-group person-group-type="author"><string-name><surname>Zhou</surname>, <given-names>Y.</given-names></string-name> <etal>et al.</etal></person-group> <article-title>A platinum standard pan-genome resource that represents the population structure of Asian rice</article-title>. <source>Sci. Data</source> <volume>7</volume>, <fpage>113</fpage> (<year>2020</year>).</mixed-citation></ref>
<ref id="c36"><label>36.</label><mixed-citation publication-type="journal"><person-group person-group-type="author"><string-name><surname>Shang</surname>, <given-names>L.</given-names></string-name> <etal>et al.</etal></person-group> <article-title>A super pan-genomic landscape of rice</article-title>. <source>Cell Res</source>. <volume>32</volume>, <fpage>878</fpage>&#x2013;<lpage>896</lpage> (<year>2022</year>).</mixed-citation></ref>
<ref id="c37"><label>37.</label><mixed-citation publication-type="journal"><person-group person-group-type="author"><string-name><surname>Ansari</surname>, <given-names>T. H.</given-names></string-name>, <string-name><surname>Yamamoto</surname>, <given-names>Y.</given-names></string-name>, <string-name><surname>Yoshida</surname>, <given-names>T.</given-names></string-name>, <string-name><surname>Miyazaki</surname>, <given-names>A.</given-names></string-name> &#x0026; <string-name><surname>Wang</surname>, <given-names>Y.</given-names></string-name></person-group> <article-title>Cultivar Differences in the Number of Differentiated Spikelets and Percentage of Degenerated Spikelets as Determinants of the Spikelet Number per Panicle in Relation to Dry Matter Production and Nitrogen Absorption</article-title>. <source>Soil Sci. Plant Nutr</source>. <volume>49</volume>, <fpage>433</fpage>&#x2013;<lpage>444</lpage> (<year>2003</year>).</mixed-citation></ref>
<ref id="c38"><label>38.</label><mixed-citation publication-type="journal"><person-group person-group-type="author"><string-name><surname>Nei</surname>, <given-names>M.</given-names></string-name> &#x0026; <string-name><surname>Li</surname>, <given-names>W. H.</given-names></string-name></person-group> <article-title>Mathematical model for studying genetic variation in terms of restriction endonucleases</article-title>. <source>Proc Natl Acad Sci U S A</source> <volume>76</volume>, <fpage>5269</fpage>&#x2013;<lpage>5273</lpage> (<year>1979</year>).</mixed-citation></ref>
<ref id="c39"><label>39.</label><mixed-citation publication-type="journal"><person-group person-group-type="author"><string-name><surname>Garud</surname>, <given-names>N. R.</given-names></string-name> &#x0026; <string-name><surname>Rosenberg</surname>, <given-names>N. A.</given-names></string-name></person-group> <article-title>Enhancing the mathematical properties of new haplotype homozygosity statistics for the detection of selective sweeps</article-title>. <source>Theor. Popul. Biol</source>. <volume>102</volume>, <fpage>94</fpage>&#x2013;<lpage>101</lpage> (<year>2015</year>).</mixed-citation></ref>
<ref id="c40"><label>40.</label><mixed-citation publication-type="journal"><person-group person-group-type="author"><string-name><surname>Xu</surname>, <given-names>F.</given-names></string-name> <etal>et al.</etal></person-group> <article-title>Control of rice pre-harvest sprouting by glutaredoxin-mediated abscisic acid signaling</article-title>. <source>Plant J</source>. <volume>100</volume>, <fpage>1036</fpage>&#x2013;<lpage>1051</lpage> (<year>2019</year>).</mixed-citation></ref>
<ref id="c41"><label>41.</label><mixed-citation publication-type="journal"><person-group person-group-type="author"><string-name><surname>Magwa</surname>, <given-names>R. A.</given-names></string-name>, <string-name><surname>Zhao</surname>, <given-names>H.</given-names></string-name> &#x0026; <string-name><surname>Xing</surname>, <given-names>Y.</given-names></string-name></person-group> <article-title>Genome-wide association mapping revealed a diverse genetic basis of seed dormancy across subpopulations in rice (Oryza sativa L.)</article-title>. <source>BMC Genet</source>. <volume>17</volume>, <fpage>28</fpage> (<year>2016</year>).</mixed-citation></ref>
<ref id="c42"><label>42.</label><mixed-citation publication-type="journal"><person-group person-group-type="author"><string-name><surname>Zhang</surname>, <given-names>Y.</given-names></string-name> <etal>et al.</etal></person-group> <article-title>OsMPH1 regulates plant height and improves grain yield in rice</article-title>. <source>PLoS One</source> <volume>12</volume>, <fpage>e0180825</fpage> (<year>2017</year>).</mixed-citation></ref>
<ref id="c43"><label>43.</label><mixed-citation publication-type="journal"><person-group person-group-type="author"><string-name><surname>Asano</surname>, <given-names>K.</given-names></string-name> <etal>et al.</etal></person-group> <article-title>Artificial selection for a green revolution gene during japonica rice domestication</article-title>. <source>Proc Natl Acad Sci U S A</source> <volume>108</volume>, <fpage>11034</fpage>&#x2013;<lpage>11039</lpage> (<year>2011</year>).</mixed-citation></ref>
<ref id="c44"><label>44.</label><mixed-citation publication-type="journal"><person-group person-group-type="author"><string-name><surname>Goubert</surname>, <given-names>C.</given-names></string-name>, <string-name><surname>Zevallos</surname>, <given-names>N. A.</given-names></string-name> &#x0026; <string-name><surname>Feschotte</surname>, <given-names>C.</given-names></string-name></person-group> <article-title>Contribution of unfixed transposable element insertions to human regulatory variation</article-title>. <source>Philos. Trans. R. Soc. B Biol. Sci</source>. <volume>375</volume>, <fpage>20190331</fpage> (<year>2020</year>).</mixed-citation></ref>
<ref id="c45"><label>45.</label><mixed-citation publication-type="journal"><person-group person-group-type="author"><string-name><surname>Alonge</surname>, <given-names>M.</given-names></string-name> <etal>et al.</etal></person-group> <article-title>Major impacts of widespread structural variation on gene expression and crop improvement in tomato</article-title>. <source>Cell</source> <volume>182</volume>, <fpage>145</fpage>&#x2013;<lpage>161</lpage> (<year>2020</year>).</mixed-citation></ref>
<ref id="c46"><label>46.</label><mixed-citation publication-type="journal"><person-group person-group-type="author"><string-name><surname>Arkhipova</surname>, <given-names>I. R.</given-names></string-name></person-group> <article-title>Neutral theory, transposable elements, and eukaryotic genome evolution</article-title>. <source>Mol. Biol. Evol</source>. <volume>35</volume>, <fpage>1332</fpage>&#x2013;<lpage>1337</lpage> (<year>2018</year>).</mixed-citation></ref>
<ref id="c47"><label>47.</label><mixed-citation publication-type="website"><person-group person-group-type="author"><string-name><surname>Matsumoto</surname>, <given-names>T.</given-names></string-name> <etal>et al.</etal></person-group> <article-title>The map-based sequence of the rice genome</article-title>. <source>Nature</source> (<year>2005</year>). doi:<pub-id pub-id-type="doi">10.1038/nature03895</pub-id></mixed-citation></ref>
<ref id="c48"><label>48.</label><mixed-citation publication-type="journal"><person-group person-group-type="author"><string-name><surname>Li</surname>, <given-names>H.</given-names></string-name> &#x0026; <string-name><surname>Durbin</surname>, <given-names>R.</given-names></string-name></person-group> <article-title>Fast and accurate long-read alignment with Burrows-Wheeler Transform</article-title>. <source>Bioinformatics</source> <volume>26</volume>, <fpage>589</fpage>&#x2013;<lpage>595</lpage> (<year>2010</year>).</mixed-citation></ref>
<ref id="c49"><label>49.</label><mixed-citation publication-type="journal"><person-group person-group-type="author"><string-name><surname>Love</surname>, <given-names>M. I.</given-names></string-name>, <string-name><surname>Huber</surname>, <given-names>W.</given-names></string-name> &#x0026; <string-name><surname>Anders</surname>, <given-names>S.</given-names></string-name></person-group> <article-title>Moderated estimation of fold change and dispersion for RNA-seq data with DESeq2</article-title>. <source>Genome Biol</source>. <volume>15</volume>, <fpage>550</fpage> (<year>2014</year>).</mixed-citation></ref>
<ref id="c50"><label>50.</label><mixed-citation publication-type="journal"><person-group person-group-type="author"><string-name><surname>Shabalin</surname>, <given-names>A. A.</given-names></string-name></person-group> <article-title>Matrix eQTL: ultra fast eQTL analysis via large matrix operations</article-title>. <source>Bioinformatics</source> <volume>28</volume>, <fpage>1353</fpage>&#x2013;<lpage>1358</lpage> (<year>2012</year>).</mixed-citation></ref>
</ref-list>
<sec>
<title>Supplementary Data</title>
 <supplementary-material id="data9">
  <label>Supplementary Text 1:</label>
  <caption>
   <title>Evaluation of TIP-calling performance in our dataset</title>
  </caption>
  <media mimetype="application" mime-subtype="docx" xlink:href="2197876-data9.docx"/>
 </supplementary-material>
 <supplementary-material id="data3">
  <label>Supplementary Table 1.</label>
  <caption>
   <title>TIP-eQTL effect on gene expression levels up, for increased gene expression when TE is present, down for decreased gene expression when TE is present) according to TE superfamily classification</title>
  </caption>
  <media mimetype="application" mime-subtype="xlsx" xlink:href="2197876-data3.xlsx"/>
 </supplementary-material>
 <supplementary-material id="data4">
  <label>Supplementary Table 2.</label>
  <caption>
   <title>Extended information on significant TIP-eQTLs.</title>
  </caption>
  <media mimetype="application" mime-subtype="xlsx" xlink:href="2197876-data4.xlsx"/>
 </supplementary-material>
 <supplementary-material id="data5">
  <label>Supplementary Table 3.</label>
  <caption>
   <title>Extended information on indica-specific and japonica-specific TIPs associated with expression changes.</title>
  </caption>
  <media mimetype="application" mime-subtype="xlsx" xlink:href="2197876-data5.xlsx"/>
 </supplementary-material>
 <supplementary-material id="data6">
  <label>Supplementary Table 4.</label>
  <caption>
   <title>NCBI-SRA accession numbers for <italic>O. rufipogon</italic> and <italic>O. nivara</italic> accessions used in this study.</title>
  </caption>
  <media mimetype="application" mime-subtype="xlsx" xlink:href="2197876-data6.xlsx"/>
 </supplementary-material>
 <supplementary-material id="data7">
  <label>Supplementary Table 5.</label>
  <caption>
   <title>PBS results and TIP information for TIP-eQTLs present in indica, japonica and rufipogon/nivara populations.</title>
  </caption>
  <media mimetype="application" mime-subtype="xlsx" xlink:href="2197876-data7.xlsx"/>
 </supplementary-material>
 <supplementary-material id="data8">
  <label>Supplementary Table 6.</label>
  <caption>
   <title>Statistical significance of the permutation test performed to identify selection on OsJAZ1, OsGAP and OsMPH1. Only the haplotypes that cleared the p-value cutoff of 0.01 were reported to be under selection.</title>
  </caption>
  <media mimetype="application" mime-subtype="xlsx" xlink:href="2197876-data8.xlsx"/>
 </supplementary-material>
 <supplementary-material id="data1">
  <label>Supplementary Figure 1.</label>
  <caption>
   <title>Effect size of TIP-eQTLs based on their population frequency on the drought condition.</title>
  </caption>
  <media mimetype="application" mime-subtype="png" xlink:href="2197876-data1.png"/>
 </supplementary-material>
 <supplementary-material id="data2">
  <label>Supplementary Figure 2.</label>
  <caption>
   <title>Boxplots representing the expression differences between haplotypes in OsJAZ1 (A), OsGAP (B) and OsMPH1 (C). Three independent experimental replicates are shown separately.</title>
  </caption>
  <media mimetype="application" mime-subtype="pptx" xlink:href="2197876-data2.pptx"/>
 </supplementary-material>
</sec>
</back>
</article>