<?xml version="1.0" encoding="UTF-8"?>
<!DOCTYPE manifest SYSTEM "http://schema.highwire.org/public/MECA/v0.9/Manifest/Manifest.dtd">
<manifest xmlns="http://manuscriptexchange.org" version="1.0">
  <item type="article">
    <title/>
    <instance media-type="application/xml" href="2212.00741/2212.00741.xml"/>
  </item>
  <item id="transfer" type="transfer-details">
    <title>MECA Transfer Info</title>
    <instance media-type="application/meca-xfer+xml" href="transfer.xml"/>
  </item>
  <item id="fig1" type="figure">
    <title>Figure 1</title>
    <instance media-type="image/jpeg" href="2212.00741/2212.00741v1_fig1.jpg"/>
  </item>
  <item id="fig2" type="figure">
    <title>Figure 2</title>
    <instance media-type="image/jpeg" href="2212.00741/2212.00741v1_fig2.jpg"/>
  </item>
  <item id="fig3" type="figure">
    <title>Figure 3</title>
    <instance media-type="image/jpeg" href="2212.00741/2212.00741v1_fig3.jpg"/>
  </item>
  <item id="fig4" type="figure">
    <title>Figure 4</title>
    <instance media-type="image/jpeg" href="2212.00741/2212.00741v1_fig4.jpg"/>
  </item>
  <item id="fig5" type="figure">
    <title>Figure 5</title>
    <instance media-type="image/jpeg" href="2212.00741/2212.00741v1_fig5.jpg"/>
  </item>
  <item id="fig6" type="figure">
    <title>Figure S1</title>
    <instance media-type="image/jpeg" href="2212.00741/2212.00741v1_fig6.jpg"/>
  </item>
  <item id="tbl1a" type="table">
    <title>Table S1</title>
    <instance media-type="image/jpeg" href="2212.00741/2212.00741v1_tbl1a.jpg"/>
  </item>
  <item id="tbl1b" type="table">
    <title>Table S1</title>
    <instance media-type="image/jpeg" href="2212.00741/2212.00741v1_tbl1b.jpg"/>
  </item>
  <item id="tbl1c" type="table">
    <title>Table S1</title>
    <instance media-type="image/jpeg" href="2212.00741/2212.00741v1_tbl1c.jpg"/>
  </item>
  <item id="tbl1d" type="table">
    <title>Table S1</title>
    <instance media-type="image/jpeg" href="2212.00741/2212.00741v1_tbl1d.jpg"/>
  </item>
  <item id="tbl2a" type="table">
    <title>Table S2</title>
    <instance media-type="image/jpeg" href="2212.00741/2212.00741v1_tbl2a.jpg"/>
  </item>
  <item id="tbl2b" type="table">
    <title>Table S2</title>
    <instance media-type="image/jpeg" href="2212.00741/2212.00741v1_tbl2b.jpg"/>
  </item>
  <item id="tbl2c" type="table">
    <title>Table S2</title>
    <instance media-type="image/jpeg" href="2212.00741/2212.00741v1_tbl2c.jpg"/>
  </item>
  <item id="tbl2d" type="table">
    <title>Table S2</title>
    <instance media-type="image/jpeg" href="2212.00741/2212.00741v1_tbl2d.jpg"/>
  </item>
  <item id="tbl2e" type="table">
    <title>Table S2</title>
    <instance media-type="image/jpeg" href="2212.00741/2212.00741v1_tbl2e.jpg"/>
  </item>
  <item id="id1" type="equation">
    <instance media-type="image/jpeg" href="2212.00741/2212.00741v1_ieqn1.jpg"/>
  </item>
</manifest>